<DATE>	<TIME>	<OPEN>	<HIGH>	<LOW>	<CLOSE>	<TICKVOL>	<VOL>	<SPREAD>
2026.06.01	07:00:00	73116.67	73199.66	72922.19	72973.02	2246	0	1400
2026.06.01	07:30:00	72973.06	72993.98	72691.10	72796.40	2488	0	1400
2026.06.01	08:00:00	72796.46	72863.78	72607.31	72729.99	2125	0	1400
2026.06.01	08:30:00	72730.18	72858.55	72606.28	72858.55	842	0	1400
2026.06.01	09:00:00	72908.69	73100.30	72908.64	72997.29	1813	0	1400
2026.06.01	09:30:00	72997.20	73044.54	72818.00	72867.69	2153	0	1400
2026.06.01	10:00:00	72873.21	72899.38	72657.26	72699.72	1928	0	1400
2026.06.01	10:30:00	72703.29	72789.47	72578.00	72744.16	1927	0	1400
2026.06.01	11:00:00	72745.78	72760.71	72638.04	72656.93	1786	0	1400
2026.06.01	11:30:00	72656.99	72762.58	72208.51	72475.97	2457	0	1400
2026.06.01	12:00:00	72477.67	72606.85	71876.54	72212.18	4117	0	1400
2026.06.01	12:30:00	72212.26	72320.77	72101.17	72201.62	2447	0	1400
2026.06.01	13:00:00	72202.51	72228.56	71713.65	71812.52	4108	0	1400
2026.06.01	13:30:00	71812.66	72208.30	71364.59	71702.42	5798	0	1400
2026.06.01	14:00:00	71712.21	71885.20	71470.29	71528.80	4214	0	1400
2026.06.01	14:30:00	71528.78	71613.76	71398.04	71565.57	3002	0	1400
2026.06.01	15:00:00	71568.35	71677.17	71055.68	71073.58	3099	0	1400
2026.06.01	15:30:00	71073.64	71497.69	71053.12	71117.59	3130	0	1400
2026.06.01	16:00:00	71117.58	71194.12	70669.70	71089.51	3446	0	1400
2026.06.01	16:30:00	71089.87	71621.10	71033.02	71554.33	2686	0	1400
2026.06.01	17:00:00	71554.32	71744.28	71455.17	71730.24	2588	0	1400
2026.06.01	17:30:00	71728.39	71795.06	71520.20	71638.05	2984	0	1400
2026.06.01	18:00:00	71635.61	71690.97	71365.19	71544.81	2153	0	1400
2026.06.01	18:30:00	71545.24	71675.41	71376.33	71487.90	2140	0	1400
2026.06.01	19:00:00	71487.83	71622.72	71376.01	71617.80	2080	0	1400
2026.06.01	19:30:00	71610.57	71663.08	71495.83	71586.86	2167	0	1400
2026.06.01	20:00:00	71586.86	71693.23	71505.49	71602.43	1880	0	1400
2026.06.01	20:30:00	71602.42	71668.65	71404.99	71445.10	1852	0	1400
2026.06.01	21:00:00	71445.01	71445.03	71070.79	71146.10	2239	0	1400
2026.06.01	21:30:00	71147.25	71160.12	70930.70	71029.32	2202	0	1400
2026.06.01	22:00:00	71027.61	71337.43	70829.29	71274.25	2380	0	1400
2026.06.01	22:30:00	71274.35	71462.96	71071.41	71397.27	2262	0	1400
2026.06.01	23:00:00	71396.82	71476.60	71235.29	71235.29	2042	0	1400
2026.06.01	23:30:00	71235.37	71580.48	71215.92	71403.91	2112	0	1400
2026.06.02	00:00:00	71410.98	71414.24	71136.61	71228.95	2315	0	1400
2026.06.02	00:30:00	71232.25	71303.14	71084.98	71288.71	2079	0	1400
2026.06.02	01:00:00	71288.69	71376.27	71193.02	71210.88	2318	0	1400
2026.06.02	01:30:00	71210.83	71232.04	70584.84	70651.21	2965	0	1400
2026.06.02	02:00:00	70647.23	70822.42	70073.00	70793.16	4649	0	1400
2026.06.02	02:30:00	70793.25	70876.26	70566.97	70840.82	2626	0	1400
2026.06.02	03:00:00	70840.87	71043.67	70785.75	70948.15	2363	0	1400
2026.06.02	03:30:00	70953.35	71018.60	70895.10	70939.55	2049	0	1400
2026.06.02	04:00:00	70939.53	71017.83	70706.96	70957.25	2259	0	1400
2026.06.02	04:30:00	70957.27	71045.85	70749.09	70806.23	2039	0	1400
2026.06.02	05:00:00	70806.23	70843.35	70569.04	70591.06	2455	0	1400
2026.06.02	05:30:00	70591.06	70721.98	70249.83	70258.94	2860	0	1400
2026.06.02	06:00:00	70258.94	70442.49	70215.23	70359.54	2377	0	1400
2026.06.02	06:30:00	70359.78	70421.16	69923.70	70106.63	3011	0	1400
2026.06.02	07:00:00	70106.69	70161.46	69883.51	69904.32	298	0	1400
2026.06.03	07:00:00	66935.91	67330.40	66854.96	67187.36	2603	0	1400
2026.06.03	07:30:00	67187.35	67329.80	67067.26	67215.58	2277	0	1400
2026.06.03	08:00:00	67215.31	67260.02	67001.58	67031.54	2296	0	1400
2026.06.03	08:30:00	67032.04	67238.70	66959.53	67016.09	2605	0	1400
2026.06.03	09:00:00	67016.09	67099.73	66803.84	66825.04	2363	0	1400
2026.06.03	09:30:00	66825.02	67320.12	66645.46	67062.99	2438	0	1400
2026.06.03	10:00:00	67062.99	67470.59	67054.24	67312.79	2685	0	1400
2026.06.03	10:30:00	67312.78	67407.14	67172.30	67286.55	2071	0	1400
2026.06.03	11:00:00	67286.59	67365.61	67191.38	67328.29	2032	0	1400
2026.06.03	11:30:00	67328.28	67328.28	67047.66	67059.76	1979	0	1400
2026.06.03	12:00:00	67059.73	67133.03	66775.47	67020.51	2624	0	1400
2026.06.03	12:30:00	67020.55	67160.21	66817.28	67076.05	2464	0	1400
2026.06.03	13:00:00	67080.46	67243.41	66820.39	66828.04	2837	0	1400
2026.06.03	13:30:00	66828.03	67193.41	66622.18	66905.41	5889	0	1400
2026.06.03	14:00:00	66897.50	66949.73	66632.59	66792.99	4940	0	1400
2026.06.03	14:30:00	66790.25	66993.01	66704.22	66861.24	3919	0	1400
2026.06.03	15:00:00	66861.24	66899.59	66248.26	66594.53	4096	0	1400
2026.06.03	15:30:00	66597.50	66678.15	66059.54	66074.62	4377	0	1400
2026.06.03	16:00:00	66078.14	66379.51	65538.36	65604.03	6639	0	1400
2026.06.03	16:30:00	65604.35	66073.79	65581.89	66055.81	4420	0	1400
2026.06.03	17:00:00	66063.00	66125.25	65693.15	65946.07	3654	0	1400
2026.06.03	17:30:00	65946.08	66184.92	65790.00	65960.08	3259	0	1400
2026.06.03	18:00:00	65960.11	66093.20	65733.73	65903.99	3067	0	1400
2026.06.03	18:30:00	65903.94	66166.53	65784.26	66032.88	2888	0	1400
2026.06.03	19:00:00	66032.86	66050.92	65583.96	65646.19	3052	0	1400
2026.06.03	19:30:00	65648.21	65844.33	65224.62	65459.07	3487	0	1400
2026.06.03	20:00:00	65450.08	65605.02	65235.44	65540.96	3565	0	1400
2026.06.03	20:30:00	65540.91	65567.04	64737.81	64995.89	4813	0	1400
2026.06.03	21:00:00	64992.57	65591.44	64942.83	65511.11	3936	0	1400
2026.06.03	21:30:00	65510.54	65856.84	65286.11	65767.59	3768	0	1400
2026.06.03	22:00:00	65761.52	65840.58	64976.81	65152.77	5632	0	1400
2026.06.03	22:30:00	65160.91	65260.05	64765.47	64910.57	4990	0	1400
2026.06.03	23:00:00	64908.16	64983.40	64347.00	64501.19	6060	0	1400
2026.06.03	23:30:00	64502.84	64630.33	64080.31	64141.19	4228	0	1400
2026.06.04	00:00:00	64134.80	64434.43	63348.83	63350.07	5974	0	1400
2026.06.04	00:30:00	63345.16	63817.98	62988.50	63339.03	9379	0	1400
2026.06.04	01:00:00	63339.13	63506.53	62570.33	62700.54	10454	0	1400
2026.06.04	01:30:00	62707.35	63170.33	62093.61	62172.81	9339	0	1400
2026.06.04	02:00:00	62175.39	63115.63	61373.82	62992.05	11474	0	1400
2026.06.04	02:30:00	62991.33	63627.58	62887.69	63219.47	6467	0	1400
2026.06.04	03:00:00	63222.51	64149.82	63212.77	63919.30	5597	0	1400
2026.06.04	03:30:00	63921.01	64525.94	63896.20	64364.51	4464	0	1400
2026.06.04	04:00:00	64367.06	64765.92	64324.77	64562.95	4003	0	1400
2026.06.04	04:30:00	64562.62	64612.30	64255.52	64399.36	3504	0	1400
2026.06.04	05:00:00	64394.72	64394.72	63637.66	63832.70	4708	0	1400
2026.06.04	05:30:00	63832.71	64337.78	63756.81	63949.16	4238	0	1400
2026.06.04	06:00:00	63945.52	64485.78	63881.31	64250.85	3728	0	1400
2026.06.04	06:30:00	64254.01	64442.83	63967.34	64030.84	3508	0	1400
2026.06.04	07:00:00	64034.44	64068.42	63472.40	63688.94	3818	0	1400
2026.06.04	07:30:00	63688.92	64047.14	63588.64	63589.69	3215	0	1400
2026.06.04	08:00:00	63589.68	63901.96	63230.84	63492.19	5199	0	1400
2026.06.04	08:30:00	63495.97	63757.06	63367.05	63620.88	4109	0	1400
2026.06.04	09:00:00	63620.83	63645.29	62797.07	62859.40	4928	0	1400
2026.06.04	09:30:00	62859.85	63267.54	62700.82	63251.92	5191	0	1400
2026.06.04	10:00:00	63263.26	63278.90	62492.48	62492.48	4237	0	1400
2026.06.04	10:30:00	62492.49	62799.85	62282.27	62414.52	5101	0	1400
2026.06.04	11:00:00	62413.78	62676.37	62215.14	62601.88	4246	0	1008
2026.06.04	11:30:00	62605.78	62832.87	62190.15	62550.67	4277	0	1008
2026.06.04	12:00:00	62550.61	63408.80	62378.87	63271.40	6786	0	1008
2026.06.04	12:30:00	63266.94	63972.03	63140.11	63765.34	8226	0	1008
2026.06.04	13:00:00	63765.43	63843.37	63060.53	63227.37	6401	0	1008
2026.06.04	13:30:00	63226.19	64251.13	63182.55	64231.01	11293	0	1008
2026.06.04	14:00:00	64232.33	64494.17	63975.46	64138.90	7436	0	1008
2026.06.04	14:30:00	64136.54	64144.17	63788.66	63951.32	4665	0	1008
2026.06.04	15:00:00	63951.31	64406.88	63784.70	63983.31	5258	0	1008
2026.06.04	15:30:00	63983.34	64091.15	63684.95	63893.82	4192	0	1008
2026.06.04	16:00:00	63893.80	63919.24	63629.09	63636.43	4262	0	1008
2026.06.04	16:30:00	63640.01	63925.41	63436.82	63553.71	4758	0	1008
2026.06.04	17:00:00	63553.75	63722.53	63111.85	63227.02	4381	0	1008
2026.06.04	17:30:00	63227.02	63654.77	62934.98	63531.18	5349	0	1008
2026.06.04	18:00:00	63531.16	63906.80	63138.13	63894.78	4389	0	1008
2026.06.04	18:30:00	63903.53	64112.28	63719.10	63806.77	4489	0	1008
2026.06.04	19:00:00	63805.90	64169.13	63606.19	64114.68	3964	0	1008
2026.06.04	19:30:00	64114.72	64139.95	63528.03	63617.14	3999	0	1008
2026.06.04	20:00:00	63621.65	63639.03	63172.78	63344.68	4472	0	1008
2026.06.04	20:30:00	63345.78	63662.12	63334.10	63632.94	3158	0	1008
2026.06.04	21:00:00	63632.87	63881.60	63429.44	63500.21	3460	0	1008
2026.06.04	21:30:00	63500.29	63543.36	63101.13	63278.90	3412	0	1008
2026.06.04	22:00:00	63278.93	63503.02	63180.76	63352.93	6866	0	1008
2026.06.04	22:30:00	63352.85	63770.15	63222.48	63728.21	4469	0	1008
2026.06.04	23:00:00	63726.10	63849.90	63360.49	63462.65	3286	0	1008
2026.06.04	23:30:00	63462.63	63918.92	63457.77	63874.93	3125	0	1008
2026.06.05	00:00:00	63871.58	63907.80	63584.83	63896.16	4193	0	1008
2026.06.05	00:30:00	63896.68	63977.52	63388.40	63420.06	3740	0	1008
2026.06.05	01:00:00	63417.84	63426.64	63035.12	63346.48	5057	0	1008
2026.06.05	01:30:00	63350.18	63573.00	63236.80	63367.11	4244	0	1008
2026.06.05	02:00:00	63368.32	63440.90	62693.66	62703.42	4786	0	1008
2026.06.05	02:30:00	62705.67	62958.25	62582.63	62620.71	4953	0	1008
2026.06.05	03:00:00	62620.66	62822.33	62330.71	62600.56	4913	0	1008
2026.06.05	03:30:00	62601.96	62891.07	62572.23	62728.39	4188	0	1008
2026.06.05	04:00:00	62729.58	63248.22	62484.94	63234.81	4892	0	1008
2026.06.05	04:30:00	63234.85	63654.59	62845.91	63615.38	4215	0	1008
2026.06.05	05:00:00	63615.45	63693.59	63266.75	63502.77	4095	0	1008
2026.06.05	05:30:00	63501.76	63567.43	62258.68	62331.08	6584	0	1008
2026.06.05	06:00:00	62323.73	62636.36	61108.41	61667.96	13972	0	1008
2026.06.05	06:30:00	61677.29	62205.00	61637.67	61945.82	9588	0	1008
2026.06.05	07:00:00	61939.12	62361.08	61362.46	62244.79	9749	0	1008
2026.06.05	07:30:00	62244.80	63120.44	62178.24	63108.12	7854	0	1008
2026.06.05	08:00:00	63114.88	63125.17	62573.42	62809.39	5591	0	1008
2026.06.05	08:30:00	62812.74	62931.79	62270.64	62460.16	4444	0	1008
2026.06.05	09:00:00	62461.18	63262.49	62432.71	63108.35	6021	0	1008
2026.06.05	09:30:00	63108.60	63130.06	62765.70	62862.39	3936	0	1008
2026.06.05	10:00:00	62865.65	62940.34	62497.35	62575.81	3845	0	1008
2026.06.05	10:30:00	62575.84	62711.27	62366.44	62541.56	3531	0	1008
2026.06.05	11:00:00	62536.05	62648.51	62233.23	62466.97	4255	0	1008
2026.06.05	11:30:00	62468.79	62522.86	61952.39	61952.39	4295	0	1008
2026.06.05	12:00:00	61949.13	62459.49	61634.89	62213.80	6732	0	1008
2026.06.05	12:30:00	62219.47	62417.12	61600.95	61965.97	8062	0	1008
2026.06.05	13:00:00	61965.91	62322.75	61877.86	62114.81	6720	0	1008
2026.06.05	13:30:00	62111.32	62331.86	60719.40	60724.96	11287	0	1008
2026.06.05	14:00:00	60726.81	61236.16	60320.54	60387.71	12062	0	1008
2026.06.05	14:30:00	60381.47	61187.51	60318.42	60862.92	10181	0	1008
2026.06.05	15:00:00	60855.85	61128.80	60490.89	60778.44	8790	0	1008
2026.06.05	15:30:00	60777.01	60854.43	60035.16	60427.77	8457	0	1008
2026.06.05	16:00:00	60425.66	61558.40	59768.83	60925.55	16387	0	1008
2026.06.05	16:30:00	60925.54	61480.23	60692.47	61384.75	9685	0	1008
2026.06.05	17:00:00	61382.49	61518.32	60648.50	60682.62	6919	0	1008
2026.06.05	17:30:00	60684.69	61152.82	60649.81	60812.76	5807	0	1008
2026.06.05	18:00:00	60812.76	60958.74	60096.33	60157.65	6110	0	1008
2026.06.05	18:30:00	60157.61	60342.91	59134.92	59395.12	10885	0	1008
2026.06.05	19:00:00	59386.66	59866.53	59114.61	59848.47	10998	0	1008
2026.06.05	19:30:00	59847.54	60461.45	59476.00	60294.95	9317	0	1008
2026.06.05	20:00:00	60295.90	61081.10	59931.49	60947.68	9336	0	1008
2026.06.05	20:30:00	60947.66	61809.63	60883.31	61627.86	7061	0	1008
2026.06.05	21:00:00	61623.48	62010.21	61556.94	61571.02	7148	0	1008
2026.06.05	21:30:00	61571.78	61939.11	61439.10	61662.72	3449	0	1008
2026.06.05	22:00:00	61662.71	61662.72	61205.08	61475.53	8556	0	1008
2026.06.05	22:30:00	61475.61	61971.76	61393.80	61579.36	7423	0	1008
2026.06.05	23:00:00	61579.36	61770.39	60812.78	60934.34	5764	0	1008
2026.06.05	23:30:00	60934.18	61076.07	60505.79	61048.88	4492	0	1008
2026.06.06	00:00:00	61054.37	61527.72	61039.03	61302.71	4341	0	1008
2026.06.06	00:30:00	61302.73	61421.34	61170.15	61267.86	3361	0	1008
2026.06.06	01:00:00	61267.83	61379.39	60969.98	61294.22	3222	0	1008
2026.06.06	01:30:00	61284.25	61293.37	60944.41	61050.15	3080	0	1008
2026.06.06	02:00:00	61050.20	61098.12	60664.50	60792.59	3870	0	1008
2026.06.06	02:30:00	60794.31	61184.75	60767.13	60941.90	3409	0	1008
2026.06.06	03:00:00	60941.92	60968.08	60706.97	60789.62	3547	0	1008
2026.06.06	03:30:00	60789.63	60801.23	60509.88	60687.76	3872	0	1008
2026.06.06	04:00:00	60687.77	60867.74	59844.30	59954.65	6816	0	1008
2026.06.06	04:30:00	59955.49	60311.61	59481.94	60099.27	8589	0	1008
2026.06.06	05:00:00	60101.04	61074.08	59608.73	60743.11	9300	0	1008
2026.06.06	05:30:00	60741.96	61057.46	60600.59	60945.12	5484	0	1008
2026.06.06	06:00:00	60945.09	61274.55	60939.34	61028.33	5140	0	1008
2026.06.06	06:30:00	61028.16	61181.76	60677.77	60793.52	4152	0	1008
2026.06.06	07:00:00	60793.48	61234.24	60723.21	60884.66	3792	0	1008
2026.06.06	07:30:00	60883.14	61107.17	60863.92	61005.75	2730	0	1008
2026.06.06	08:00:00	61005.68	61452.52	60874.50	61394.08	3373	0	1008
2026.06.06	08:30:00	61392.78	61498.10	61228.64	61265.95	3365	0	1008
2026.06.06	09:00:00	61263.26	61323.90	61093.74	61312.61	3030	0	1008
2026.06.06	09:30:00	61312.28	61312.28	60876.03	60978.71	3142	0	1008
2026.06.06	10:00:00	60981.10	60981.10	60468.35	60525.32	4215	0	1008
2026.06.06	10:30:00	60529.69	60611.89	60183.27	60583.95	4787	0	1008
2026.06.06	11:00:00	60582.06	60865.55	60548.35	60806.42	3392	0	1008
2026.06.06	11:30:00	60806.35	60968.78	60727.24	60804.08	2703	0	1008
2026.06.06	12:00:00	60804.06	61104.83	60718.76	60722.29	3179	0	1008
2026.06.06	12:30:00	60720.37	61180.94	60624.00	61029.61	3511	0	1008
2026.06.06	13:00:00	61033.31	61103.19	60859.48	60878.81	2927	0	1008
2026.06.06	13:30:00	60878.86	61050.59	60694.21	60806.94	3422	0	1008
2026.06.06	14:00:00	60806.95	61017.57	60763.86	60886.83	3317	0	1008
2026.06.06	14:30:00	60886.84	61007.11	60760.51	60791.12	2967	0	1008
2026.06.06	15:00:00	60791.18	60878.41	60381.43	60669.72	4435	0	1008
2026.06.06	15:30:00	60669.72	60927.22	60567.63	60780.19	3248	0	1008
2026.06.06	16:00:00	60780.19	60972.08	60589.55	60614.88	3433	0	1008
2026.06.06	16:30:00	60614.88	60859.83	60451.45	60778.23	3207	0	1008
2026.06.06	17:00:00	60779.10	60845.74	60578.31	60677.62	2705	0	1008
2026.06.06	17:30:00	60677.62	60803.43	60490.05	60576.03	2884	0	1008
2026.06.06	18:00:00	60576.04	60749.94	60382.74	60697.26	3052	0	1008
2026.06.06	18:30:00	60695.87	60699.80	60489.51	60635.47	2534	0	1008
2026.06.06	19:00:00	60635.45	60788.43	60552.84	60615.64	2574	0	1008
2026.06.06	19:30:00	60615.63	60679.09	60521.81	60590.23	2203	0	1008
2026.06.06	20:00:00	60585.08	60639.46	60506.49	60592.77	2387	0	1008
2026.06.06	20:30:00	60592.81	60758.08	60568.22	60710.56	2299	0	1008
2026.06.06	21:00:00	60710.56	60951.34	60699.41	60888.08	2189	0	1008
2026.06.06	21:30:00	60888.07	61003.30	60736.23	60749.33	2005	0	1008
2026.06.06	22:00:00	60748.69	60820.55	60429.86	60454.93	3375	0	1008
2026.06.06	22:30:00	60464.97	60718.09	60423.29	60540.74	2520	0	1008
2026.06.06	23:00:00	60540.69	60763.63	60538.10	60709.54	2374	0	1008
2026.06.06	23:30:00	60709.54	60944.38	60670.29	60879.19	2336	0	1008
2026.06.07	00:00:00	60879.14	60937.65	60769.71	60842.41	2294	0	1008
2026.06.07	00:30:00	60842.40	60991.63	60738.39	60777.09	2375	0	1008
2026.06.07	01:00:00	60777.08	61671.84	60750.14	61634.25	5058	0	1008
2026.06.07	01:30:00	61634.28	61654.45	61367.71	61474.56	3200	0	1008
2026.06.07	02:00:00	61474.57	61555.64	61174.63	61254.26	2927	0	1008
2026.06.07	02:30:00	61254.27	61567.44	61186.24	61503.89	2790	0	1008
2026.06.07	03:00:00	61503.11	61788.19	61403.97	61663.88	3134	0	1008
2026.06.07	03:30:00	61663.82	61738.67	61544.97	61693.97	2384	0	1008
2026.06.07	04:00:00	61693.15	61710.27	61475.30	61551.13	2404	0	1008
2026.06.07	04:30:00	61546.58	61898.69	61537.55	61882.60	2673	0	1008
2026.06.07	05:00:00	61882.62	62156.58	61723.29	61736.65	3464	0	1008
2026.06.07	05:30:00	61734.54	61872.58	61637.73	61739.20	2973	0	1008
2026.06.07	06:00:00	61739.21	62016.89	61604.82	61968.09	2948	0	1008
2026.06.07	06:30:00	61968.10	62280.48	61956.68	62105.06	3486	0	1008
2026.06.07	07:00:00	62099.70	62252.25	61975.54	62227.20	2541	0	1008
2026.06.07	07:30:00	62227.19	62411.11	62174.10	62397.47	2318	0	1008
2026.06.07	08:00:00	62398.20	62581.97	62248.46	62529.56	2612	0	1008
2026.06.07	08:30:00	62528.35	62973.27	62382.79	62846.34	4193	0	1008
2026.06.07	09:00:00	62847.12	62916.83	62601.39	62693.48	2997	0	1008
2026.06.07	09:30:00	62695.41	62698.03	62403.44	62537.73	2748	0	1008
2026.06.07	10:00:00	62537.75	62578.19	62377.21	62508.21	2676	0	1008
2026.06.07	10:30:00	62508.23	62566.12	62297.87	62367.26	2715	0	1008
2026.06.07	11:00:00	62367.27	62566.59	62355.84	62523.06	2472	0	1008
2026.06.07	11:30:00	62523.06	62759.75	62441.38	62628.63	2539	0	1008
2026.06.07	12:00:00	62628.63	62648.63	61859.34	61938.40	5882	0	1008
2026.06.07	12:30:00	61938.38	62006.78	61558.12	61898.90	4839	0	1008
2026.06.07	13:00:00	61894.47	61900.98	61648.52	61851.37	3197	0	1008
2026.06.07	13:30:00	61851.38	61909.98	61669.23	61699.45	2628	0	1008
2026.06.07	14:00:00	61698.73	62159.81	61698.73	62088.55	3341	0	1008
2026.06.07	14:30:00	62088.53	62312.57	61736.68	61899.78	3771	0	1008
2026.06.07	15:00:00	61899.56	61985.73	61668.28	61962.69	3362	0	1008
2026.06.07	15:30:00	61967.03	62223.27	61946.66	62099.71	3053	0	1008
2026.06.07	16:00:00	62099.66	62338.32	61956.23	62169.25	3321	0	1008
2026.06.07	16:30:00	62169.35	62291.57	61974.40	62083.94	2682	0	1008
2026.06.07	17:00:00	62083.95	62329.12	62038.47	62243.74	2754	0	1008
2026.06.07	17:30:00	62243.75	62320.11	62088.14	62160.39	2523	0	1008
2026.06.07	18:00:00	62160.52	62296.94	62134.09	62220.90	2165	0	1008
2026.06.07	18:30:00	62219.57	62293.67	62013.64	62027.02	2295	0	1008
2026.06.07	19:00:00	62028.55	62037.87	61263.61	61480.55	4667	0	1008
2026.06.07	19:30:00	61481.23	61494.65	61175.25	61330.05	3524	0	1008
2026.06.07	20:00:00	61326.86	61913.17	61211.70	61741.07	3609	0	1008
2026.06.07	20:30:00	61741.09	61971.78	61694.89	61867.99	2541	0	1008
2026.06.07	21:00:00	61868.00	62008.13	61695.54	61783.78	2773	0	1008
2026.06.07	21:30:00	61783.63	61851.97	61643.22	61781.96	2424	0	1008
2026.06.07	22:00:00	61782.25	64273.96	61714.24	62997.25	13101	0	1008
2026.06.07	22:30:00	62997.16	63404.12	62780.63	62869.26	6272	0	1008
2026.06.07	23:00:00	62864.07	63282.08	62788.64	63259.76	4181	0	1008
2026.06.07	23:30:00	63257.70	63462.79	63102.37	63326.38	3504	0	1008
2026.06.08	00:00:00	63327.49	63524.01	63140.28	63508.17	4100	0	1008
2026.06.08	00:30:00	63508.37	63883.40	63403.37	63628.99	4685	0	1008
2026.06.08	01:00:00	63629.71	63653.91	62747.29	62825.08	5614	0	1008
2026.06.08	01:30:00	62819.85	63258.37	62710.63	63213.63	5083	0	1008
2026.06.08	02:00:00	63216.42	63266.72	62961.00	63110.47	3403	0	1008
2026.06.08	02:30:00	63110.39	63199.32	62907.36	63124.94	3076	0	1008
2026.06.08	03:00:00	63125.25	63466.99	62971.53	63153.59	3075	0	1008
2026.06.08	03:30:00	63153.51	63236.59	63067.86	63129.36	2502	0	1008
2026.06.08	04:00:00	63129.39	63178.07	62797.33	62937.59	3158	0	1008
2026.06.08	04:30:00	62938.91	62989.78	62643.89	62683.55	3050	0	1008
2026.06.08	05:00:00	62683.54	62826.89	62485.34	62733.77	3332	0	1008
2026.06.08	05:30:00	62732.68	62786.05	62402.43	62769.46	3429	0	1008
2026.06.08	06:00:00	62769.20	63151.63	62726.27	63068.42	3684	0	1008
2026.06.08	06:30:00	63068.42	63106.89	62909.90	62990.69	2720	0	1008
2026.06.08	07:00:00	62995.30	63255.63	62806.56	63182.45	3462	0	1008
2026.06.08	07:30:00	63182.46	63347.44	63074.99	63291.15	2904	0	1008
2026.06.08	08:00:00	63290.91	63290.91	62982.90	63111.67	3040	0	1008
2026.06.08	08:30:00	63114.17	63204.24	63028.95	63129.29	2803	0	1008
2026.06.08	09:00:00	63129.32	63584.40	63121.51	63381.40	3214	0	1008
2026.06.08	09:30:00	63381.40	63505.34	63158.74	63496.87	3273	0	1008
2026.06.08	10:00:00	63496.93	63557.21	63098.98	63147.77	2707	0	1008
2026.06.08	10:30:00	63147.73	63426.54	63082.80	63161.57	2903	0	1008
2026.06.08	11:00:00	63158.91	63675.98	63045.99	63614.34	3775	0	1008
2026.06.08	11:30:00	63615.63	63883.71	63407.51	63482.54	3569	0	1008
2026.06.08	12:00:00	63482.51	63663.21	62699.90	63102.56	6564	0	1008
2026.06.08	12:30:00	63102.57	63956.18	63102.57	63861.68	4232	0	1008
2026.06.08	13:00:00	63863.51	63948.59	63564.49	63587.54	3717	0	1000
2026.06.08	13:30:00	63585.04	63878.43	63353.31	63746.06	8383	0	1000
2026.06.08	14:00:00	63754.70	63909.37	63560.12	63752.14	6151	0	1000
2026.06.08	14:30:00	63755.41	64090.66	63750.18	63968.06	4347	0	1000
2026.06.08	15:00:00	63968.94	64214.25	63869.97	63994.20	4785	0	1000
2026.06.08	15:30:00	63995.33	64027.39	63702.36	63777.03	4303	0	1000
2026.06.08	16:00:00	63777.28	64050.60	63670.32	63867.09	3710	0	1000
2026.06.08	16:30:00	63874.40	63885.65	63460.72	63524.06	3417	0	1000
2026.06.08	17:00:00	63524.07	63651.87	63300.38	63631.25	3709	0	1000
2026.06.08	17:30:00	63631.23	63631.23	63241.38	63545.20	3098	0	1000
2026.06.08	18:00:00	63545.20	63661.11	63509.76	63645.45	2792	0	1000
2026.06.08	18:30:00	63645.45	63691.54	63334.06	63465.90	2675	0	1000
2026.06.08	19:00:00	63465.79	63572.16	63358.68	63532.72	2702	0	1000
2026.06.08	19:30:00	63534.04	63601.64	63342.67	63377.15	2984	0	1000
2026.06.08	20:00:00	63377.02	63434.47	63153.45	63171.55	2696	0	1000
2026.06.08	20:30:00	63171.55	63486.56	63170.97	63486.27	2181	0	1000
2026.06.08	21:00:00	63488.31	63802.34	63477.90	63713.65	2689	0	1000
2026.06.08	21:30:00	63713.58	63858.57	63629.23	63721.43	2091	0	1000
2026.06.08	22:00:00	63720.27	63720.27	63205.13	63359.75	2853	0	1000
2026.06.08	22:30:00	63359.82	63465.80	63225.65	63443.40	2371	0	1000
2026.06.08	23:00:00	63443.37	63600.98	63071.13	63143.32	3301	0	1000
2026.06.08	23:30:00	63141.67	63199.98	62966.58	63089.12	3221	0	1000
2026.06.09	00:00:00	63089.10	63189.78	62696.33	62736.53	4292	0	1000
2026.06.09	00:30:00	62736.54	62780.33	62413.15	62553.57	4094	0	1000
2026.06.09	01:00:00	62553.58	62867.67	62543.49	62779.09	3509	0	1000
2026.06.09	01:30:00	62779.07	62880.66	62657.11	62759.29	2940	0	1000
2026.06.09	02:00:00	62760.13	62869.72	62570.45	62780.85	2853	0	1000
2026.06.09	02:30:00	62780.80	62879.92	62533.74	62871.02	3004	0	1000
2026.06.09	03:00:00	62871.09	62978.00	62768.28	62798.83	2708	0	1000
2026.06.09	03:30:00	62807.45	62894.27	62693.38	62869.04	2369	0	1000
2026.06.09	04:00:00	62869.02	62986.28	62743.51	62789.91	2375	0	1000
2026.06.09	04:30:00	62789.92	63431.08	62760.43	63236.43	3746	0	1000
2026.06.09	05:00:00	63236.43	63362.26	63111.65	63311.05	2421	0	1000
2026.06.09	05:30:00	63311.05	63529.25	63301.78	63335.69	2695	0	1000
2026.06.09	06:00:00	63337.71	63508.69	63269.23	63434.38	2506	0	1000
2026.06.09	06:30:00	63435.12	63468.68	63223.90	63302.21	2150	0	1000
2026.06.09	07:00:00	63305.55	63448.40	62995.00	63030.27	2548	0	1000
2026.06.09	07:30:00	63030.27	63218.76	63030.27	63199.23	2077	0	1000
2026.06.09	08:00:00	63199.22	63211.47	62749.86	62864.04	3031	0	1000
2026.06.09	08:30:00	62862.45	63017.06	62797.61	62846.82	2362	0	1000
2026.06.09	09:00:00	62846.82	62957.83	62702.69	62818.73	2359	0	1000
2026.06.09	09:30:00	62818.76	62818.76	62587.18	62718.54	2369	0	1000
2026.06.09	10:00:00	62718.59	62802.55	62590.45	62742.63	2465	0	1000
2026.06.09	10:30:00	62742.63	62837.38	62633.59	62779.23	2186	0	1000
2026.06.09	11:00:00	62779.25	62820.34	62492.97	62596.91	2439	0	1000
2026.06.09	11:30:00	62596.90	62733.55	62518.96	62705.85	2273	0	1000
2026.06.09	12:00:00	62703.36	62900.11	62633.10	62646.80	2605	0	1000
2026.06.09	12:30:00	62646.80	62672.50	62430.32	62633.94	2723	0	1000
2026.06.09	13:00:00	62641.02	62744.54	62256.92	62341.48	3292	0	1000
2026.06.09	13:30:00	62340.60	62535.89	62145.28	62275.69	5767	0	1000
2026.06.09	14:00:00	62267.32	62396.67	61545.20	61600.89	8065	0	1000
2026.06.09	14:30:00	61600.77	61702.16	61126.40	61535.62	7318	0	1000
2026.06.09	15:00:00	61543.85	61713.05	61297.63	61311.46	4975	0	1000
2026.06.09	15:30:00	61308.06	61429.11	61028.22	61125.07	5924	0	1000
2026.06.09	16:00:00	61122.87	61216.06	60848.27	61043.53	6124	0	1000
2026.06.09	16:30:00	61042.24	61502.88	60778.78	61396.01	7633	0	1000
2026.06.09	17:00:00	61396.87	61888.18	61391.75	61748.49	5528	0	1000
2026.06.09	17:30:00	61748.47	61855.19	61594.04	61697.23	3763	0	1000
2026.06.09	18:00:00	61697.25	61968.37	61605.70	61734.27	4058	0	1000
2026.06.09	18:30:00	61733.90	61829.65	61590.76	61781.57	3145	0	1000
2026.06.09	19:00:00	61781.58	61918.32	61711.31	61874.26	3076	0	1000
2026.06.09	19:30:00	61874.26	62110.06	61756.56	62095.32	3593	0	1000
2026.06.09	20:00:00	62096.54	62280.58	61948.29	62089.21	2748	0	1000
2026.06.09	20:30:00	62089.20	62185.55	61978.08	62162.20	2025	0	1000
2026.06.09	21:00:00	62162.22	62180.23	61769.31	61807.08	2019	0	1000
2026.06.09	21:30:00	61807.02	61910.53	61683.21	61754.94	2227	0	1000
2026.06.09	22:00:00	61759.69	61946.65	61656.04	61817.14	2326	0	1000
2026.06.09	22:30:00	61817.05	61977.41	61668.01	61721.56	2614	0	1000
2026.06.09	23:00:00	61722.08	61881.03	61641.83	61686.02	2638	0	1000
2026.06.09	23:30:00	61686.02	61751.63	61547.46	61726.63	2569	0	1000
2026.06.10	00:00:00	61731.15	61894.12	61690.82	61851.31	2680	0	1000
2026.06.10	00:30:00	61851.72	61939.84	61436.23	61913.82	3431	0	1000
2026.06.10	01:00:00	61913.81	61980.31	61669.47	61832.26	3426	0	1000
2026.06.10	01:30:00	61832.18	61895.55	61575.77	61710.15	3183	0	1000
2026.06.10	02:00:00	61710.46	61839.84	61336.75	61496.92	3257	0	1000
2026.06.10	02:30:00	61496.89	61552.90	61230.68	61302.54	2993	0	1000
2026.06.10	03:00:00	61302.54	61595.77	61277.64	61564.66	2683	0	1000
2026.06.10	03:30:00	61564.70	61591.64	61433.97	61549.36	2404	0	1000
2026.06.10	04:00:00	61549.68	61565.66	61434.45	61467.41	2194	0	1000
2026.06.10	04:30:00	61467.40	61467.40	61183.70	61297.68	2838	0	1000
2026.06.10	05:00:00	61298.82	61322.69	61069.86	61263.27	2671	0	1000
2026.06.10	05:30:00	61264.56	61397.28	61181.26	61352.71	2407	0	1000
2026.06.10	06:00:00	61352.85	61488.26	61284.29	61343.35	2476	0	1000
2026.06.10	06:30:00	61343.36	61521.96	61136.96	61465.15	2474	0	1000
2026.06.10	07:00:00	61464.88	61719.13	61429.70	61643.00	2661	0	1000
2026.06.10	07:30:00	61643.00	61799.70	61552.37	61688.48	2564	0	1000
2026.06.10	08:00:00	61688.45	61739.18	61482.29	61544.17	2943	0	1000
2026.06.10	08:30:00	61544.17	61610.97	61156.37	61260.23	2917	0	1000
2026.06.10	09:00:00	61260.21	61320.00	60726.39	61206.41	3707	0	1000
2026.06.10	09:30:00	61206.41	61427.78	61149.44	61334.47	2963	0	1000
2026.06.10	10:00:00	61337.14	61363.85	61140.36	61332.39	2700	0	1000
2026.06.10	10:30:00	61332.38	61457.30	61257.69	61382.35	2445	0	1000
2026.06.10	11:00:00	61384.54	61436.56	60851.01	60959.25	5086	0	1000
2026.06.10	11:30:00	60966.17	61112.23	60914.37	61024.92	3173	0	1000
2026.06.10	12:00:00	61024.98	61244.33	60952.17	61156.14	3423	0	1000
2026.06.10	12:30:00	61164.99	61944.88	61134.49	61553.28	6676	0	1000
2026.06.10	13:00:00	61553.40	61622.80	61430.26	61557.37	2985	0	1000
2026.06.10	13:30:00	61556.17	62455.07	61497.02	62150.52	7973	0	1000
2026.06.10	14:00:00	62138.14	62256.49	61854.33	62043.30	5178	0	1000
2026.06.10	14:30:00	62038.92	62201.91	61805.63	62198.36	5074	0	1000
2026.06.10	15:00:00	62198.33	62428.09	61842.30	62254.10	5284	0	1000
2026.06.10	15:30:00	62252.68	62860.61	62127.94	62633.16	6499	0	1000
2026.06.10	16:00:00	62633.18	62649.94	62104.08	62283.77	4289	0	1000
2026.06.10	16:30:00	62284.33	62415.37	61918.55	62224.78	4576	0	1000
2026.06.10	17:00:00	62224.78	62362.52	61884.96	61907.40	4064	0	1000
2026.06.10	17:30:00	61910.53	62047.10	61643.64	61976.76	4630	0	1000
2026.06.10	18:00:00	61977.27	62160.70	61839.02	62023.28	3627	0	1000
2026.06.10	18:30:00	62023.26	62023.26	61586.22	61887.55	3490	0	1000
2026.06.10	19:00:00	61889.24	61940.13	61669.77	61785.31	3263	0	1000
2026.06.10	19:30:00	61784.68	62066.81	61781.49	61941.80	3611	0	1000
2026.06.10	20:00:00	61935.21	61952.01	61674.21	61909.25	3081	0	1000
2026.06.10	20:30:00	61909.25	61928.33	61699.25	61796.08	2436	0	1000
2026.06.10	21:00:00	61796.11	61803.48	61496.86	61571.45	2630	0	1000
2026.06.10	21:30:00	61571.38	61724.71	61174.85	61355.15	2965	0	1000
2026.06.10	22:00:00	61355.14	61363.99	61091.64	61245.04	3614	0	1000
2026.06.10	22:30:00	61244.07	61575.94	61235.00	61380.88	3252	0	1000
2026.06.10	23:00:00	61372.74	61577.49	61156.88	61545.60	3165	0	1000
2026.06.10	23:30:00	61545.59	61605.37	61460.67	61502.80	2349	0	1000
2026.06.11	00:00:00	61502.80	61979.49	61502.80	61885.30	3349	0	1000
2026.06.11	00:30:00	61885.32	61929.82	61762.67	61815.56	2666	0	1000
2026.06.11	01:00:00	61815.51	62231.32	61815.07	62175.63	3008	0	1000
2026.06.11	01:30:00	62175.66	62374.21	62089.51	62203.60	2741	0	1000
2026.06.11	02:00:00	62203.53	62305.11	62039.94	62061.23	2684	0	1000
2026.06.11	02:30:00	62061.16	62224.97	61935.21	62135.90	2685	0	1000
2026.06.11	03:00:00	62135.91	62188.36	62000.41	62108.58	2202	0	1000
2026.06.11	03:30:00	62108.58	62900.21	62101.93	62683.63	3706	0	1000
2026.06.11	04:00:00	62684.00	62740.68	62571.02	62618.03	2657	0	1000
2026.06.11	04:30:00	62618.14	62854.37	62538.57	62717.61	2366	0	1000
2026.06.11	05:00:00	62717.62	62726.13	62550.86	62636.47	2293	0	1000
2026.06.11	05:30:00	62636.55	62712.99	62589.96	62611.66	2194	0	1000
2026.06.11	06:00:00	62611.72	63011.24	62533.40	62878.66	2824	0	1000
2026.06.11	06:30:00	62878.68	63004.85	62745.65	62760.41	2196	0	1000
2026.06.11	07:00:00	62760.44	62798.81	62605.46	62788.55	2183	0	1000
2026.06.11	07:30:00	62788.56	62840.97	62604.04	62716.13	1964	0	1000
2026.06.11	08:00:00	62711.03	62960.40	62710.37	62950.11	2114	0	1000
2026.06.11	08:30:00	62950.11	63054.94	62840.42	62957.10	2077	0	1000
2026.06.11	09:00:00	62957.09	62965.41	62780.75	62814.65	1958	0	1000
2026.06.11	09:30:00	62814.60	62996.65	62812.33	62927.44	1920	0	1000
2026.06.11	10:00:00	62924.32	62980.96	62795.44	62846.94	2146	0	1000
2026.06.11	10:30:00	62846.93	63210.19	62838.86	63139.28	2392	0	1000
2026.06.11	11:00:00	63138.01	63214.76	63040.30	63151.39	2316	0	1000
2026.06.11	11:30:00	63159.43	63263.29	63080.02	63104.94	2337	0	1000
2026.06.11	12:00:00	63104.90	63198.05	62659.05	62678.32	3525	0	1000
2026.06.11	12:30:00	62674.82	63050.42	62494.76	62999.29	4466	0	1000
2026.06.11	13:00:00	62999.46	63053.64	62782.62	62816.96	2599	0	1000
2026.06.11	13:30:00	62816.95	63233.52	62663.52	63081.60	5012	0	1000
2026.06.11	14:00:00	63081.55	63095.27	62727.00	63009.42	4392	0	1000
2026.06.11	14:30:00	63009.41	63071.65	62726.77	62727.79	3566	0	1000
2026.06.11	15:00:00	62728.02	62863.83	62524.29	62728.34	3976	0	1000
2026.06.11	15:30:00	62724.29	62887.25	62564.10	62753.98	3301	0	1000
2026.06.11	16:00:00	62753.96	62844.89	62569.98	62632.30	2977	0	1000
2026.06.11	16:30:00	62631.55	62812.49	62548.02	62575.41	3084	0	1000
2026.06.11	17:00:00	62575.41	62981.48	62339.35	62956.04	4211	0	1000
2026.06.11	17:30:00	62954.42	63671.91	62954.42	63644.53	8039	0	1000
2026.06.11	18:00:00	63641.57	63799.56	63315.64	63394.57	4753	0	1000
2026.06.11	18:30:00	63394.60	63578.51	63367.69	63455.89	2516	0	1000
2026.06.11	19:00:00	63455.86	63706.06	63379.90	63591.69	3149	0	1000
2026.06.11	19:30:00	63591.50	63940.79	63587.92	63599.74	3552	0	1000
2026.06.11	20:00:00	63626.59	63667.43	63322.79	63378.25	2270	0	1000
2026.06.11	20:30:00	63376.72	63412.93	63267.38	63389.12	2003	0	1000
2026.06.11	21:00:00	63389.12	63606.15	63387.15	63484.59	1843	0	1000
2026.06.11	21:30:00	63484.56	63582.03	63453.34	63523.26	2032	0	1000
2026.06.11	22:00:00	63520.81	63677.01	63500.26	63595.07	2305	0	1000
2026.06.11	22:30:00	63595.05	63644.52	63456.80	63496.22	1878	0	1000
2026.06.11	23:00:00	63496.21	63498.16	63354.73	63377.02	2033	0	1000
2026.06.11	23:30:00	63377.03	63734.71	63376.96	63625.60	2101	0	1000
2026.06.12	00:00:00	63625.60	63805.65	63517.30	63612.27	2330	0	1000
2026.06.12	00:30:00	63612.10	63746.54	63557.70	63642.17	2178	0	1000
2026.06.12	01:00:00	63642.21	63642.23	63294.09	63351.83	2486	0	1000
2026.06.12	01:30:00	63350.66	63465.11	63304.08	63429.94	2303	0	1000
2026.06.12	02:00:00	63429.95	63784.14	63429.81	63558.99	2313	0	1000
2026.06.12	02:30:00	63558.89	63645.20	63486.92	63619.49	2047	0	1000
2026.06.12	03:00:00	63619.52	63650.01	63345.56	63432.59	2003	0	1000
2026.06.12	03:30:00	63432.63	63532.02	63432.60	63518.40	2083	0	1000
2026.06.12	04:00:00	63526.71	63811.87	63421.64	63786.43	2416	0	1000
2026.06.12	04:30:00	63783.74	63869.25	63677.28	63694.61	2056	0	1000
2026.06.12	05:00:00	63694.63	63723.91	63412.49	63488.65	2157	0	1000
2026.06.12	05:30:00	63488.70	63501.77	63293.55	63345.04	2298	0	1000
2026.06.12	06:00:00	63346.14	63416.09	63088.21	63145.85	2505	0	1000
2026.06.12	06:30:00	63143.85	63143.85	62826.27	62983.85	2864	0	1000
2026.06.12	07:00:00	62983.86	63122.65	62943.35	63017.89	2391	0	1000
2026.06.12	07:30:00	63017.89	63214.99	62963.80	63099.97	2354	0	1000
2026.06.12	08:00:00	63099.96	63619.94	63092.88	63534.46	2943	0	1000
2026.06.12	08:30:00	63534.44	63546.84	63353.55	63468.74	2091	0	1000
2026.06.12	09:00:00	63468.74	63797.71	63428.40	63768.64	2562	0	1000
2026.06.12	09:30:00	63768.66	63962.91	63748.74	63762.56	2588	0	1000
2026.06.12	10:00:00	63761.74	63855.32	63576.38	63616.45	2556	0	1000
2026.06.12	10:30:00	63616.47	63765.50	63609.75	63695.67	2153	0	1000
2026.06.12	11:00:00	63695.67	63889.73	63681.47	63823.26	2277	0	1000
2026.06.12	11:30:00	63823.25	63890.76	63683.24	63758.22	2221	0	1000
2026.06.12	12:00:00	63758.09	63779.01	63457.30	63471.29	2479	0	1000
2026.06.12	12:30:00	63464.84	63571.72	63366.85	63462.74	2714	0	1000
2026.06.12	13:00:00	63462.73	63538.14	63349.85	63412.90	2405	0	1000
2026.06.12	13:30:00	63415.98	63459.22	63048.23	63226.68	5331	0	1000
2026.06.12	14:00:00	63227.18	63658.30	63188.00	63629.39	4641	0	1000
2026.06.12	14:30:00	63629.34	64013.14	63456.90	63998.34	4961	0	1000
2026.06.12	15:00:00	63998.32	64392.82	63886.53	64135.89	4987	0	1000
2026.06.12	15:30:00	64136.18	64136.18	63547.09	63589.61	4416	0	1000
2026.06.12	16:00:00	63590.65	64000.42	63509.04	63906.63	4242	0	1000
2026.06.12	16:30:00	63907.29	64005.27	63765.41	63983.14	3083	0	1000
2026.06.12	17:00:00	63983.52	64109.31	63733.47	63817.88	2725	0	1000
2026.06.12	17:30:00	63817.92	63916.79	63749.88	63866.47	2733	0	1000
2026.06.12	18:00:00	63866.55	63938.37	63680.68	63774.69	2697	0	1000
2026.06.12	18:30:00	63774.67	63917.51	63670.70	63684.21	2420	0	1000
2026.06.12	19:00:00	63684.19	63784.83	63641.99	63729.62	2101	0	1000
2026.06.12	19:30:00	63729.60	63819.47	63581.68	63581.68	2278	0	1000
2026.06.12	20:00:00	63584.32	63696.64	63503.25	63518.92	1972	0	1000
2026.06.12	20:30:00	63518.87	63571.15	63388.23	63446.24	2106	0	1000
2026.06.12	21:00:00	63452.35	63629.37	63435.97	63511.84	1799	0	1000
2026.06.12	21:30:00	63511.82	63577.05	63440.24	63473.99	1951	0	1000
2026.06.12	22:00:00	63473.90	63660.17	63469.98	63595.48	1872	0	1000
2026.06.12	22:30:00	63595.48	63620.31	63462.22	63505.22	1810	0	1000
2026.06.12	23:00:00	63505.20	63512.36	63417.75	63447.37	1720	0	1000
2026.06.12	23:30:00	63447.43	63583.60	63432.81	63576.99	1759	0	1000
2026.06.13	00:00:00	63577.02	63609.25	63521.56	63522.30	1767	0	1000
2026.06.13	00:30:00	63522.30	63649.70	63502.29	63593.65	1726	0	1000
2026.06.13	01:00:00	63594.19	63703.10	63594.19	63659.10	1762	0	1000
2026.06.13	01:30:00	63659.10	63855.35	63634.59	63834.64	1918	0	1000
2026.06.13	02:00:00	63834.65	63836.22	63677.04	63716.78	1672	0	1000
2026.06.13	02:30:00	63716.76	63729.86	63547.38	63637.69	1820	0	1000
2026.06.13	03:00:00	63640.68	63722.70	63397.71	63514.39	1851	0	1000
2026.06.13	03:30:00	63514.30	63560.75	63476.22	63530.94	1629	0	1000
2026.06.13	04:00:00	63530.94	63591.96	63476.75	63538.80	1552	0	1000
2026.06.13	04:30:00	63538.81	63649.31	63501.51	63508.18	1569	0	1000
2026.06.13	05:00:00	63508.17	63595.30	63484.82	63566.39	1622	0	1000
2026.06.13	05:30:00	63566.46	63590.32	63492.23	63584.01	1686	0	1000
2026.06.13	06:00:00	63584.02	63677.07	63544.79	63676.79	1643	0	1000
2026.06.13	06:30:00	63676.80	63747.67	63640.38	63735.05	1537	0	1000
2026.06.13	07:00:00	63734.98	63809.36	63664.89	63781.70	1691	0	1000
2026.06.13	07:30:00	63781.70	63896.95	63740.45	63847.82	1784	0	1000
2026.06.13	08:00:00	63847.82	63887.68	63750.83	63792.52	1828	0	1000
2026.06.13	08:30:00	63792.60	63912.56	63786.23	63795.63	1605	0	1000
2026.06.13	09:00:00	63795.65	63862.47	63774.37	63817.83	1583	0	1000
2026.06.13	09:30:00	63818.80	63829.45	63735.07	63741.37	1508	0	1000
2026.06.13	10:00:00	63741.38	63791.64	63712.60	63761.97	1442	0	1000
2026.06.13	10:30:00	63763.53	63910.21	63763.53	63835.75	1674	0	1000
2026.06.13	11:00:00	63840.47	63973.88	63831.64	63946.48	1730	0	1000
2026.06.13	11:30:00	63944.33	63966.06	63884.70	63964.48	1512	0	1000
2026.06.13	12:00:00	63964.50	63975.46	63910.54	63954.61	1558	0	1000
2026.06.13	12:30:00	63954.64	64214.27	63954.64	64131.40	1948	0	1000
2026.06.13	13:00:00	64131.41	64229.13	64066.69	64222.43	1698	0	1000
2026.06.13	13:30:00	64222.45	64244.62	64049.26	64090.81	1924	0	1000
2026.06.13	14:00:00	64090.77	64182.67	64072.48	64121.64	1788	0	1000
2026.06.13	14:30:00	64121.65	64238.87	64121.65	64218.33	1638	0	1000
2026.06.13	15:00:00	64219.08	64338.73	64176.84	64284.41	1784	0	1000
2026.06.13	15:30:00	64284.43	64345.65	64178.87	64292.70	1889	0	1000
2026.06.13	16:00:00	64292.69	64310.96	63962.41	63981.97	2306	0	1000
2026.06.13	16:30:00	63984.33	64165.32	63905.11	64023.74	2195	0	1000
2026.06.13	17:00:00	64022.63	64096.29	63937.15	64095.80	1819	0	1000
2026.06.13	17:30:00	64095.89	64124.42	63935.51	63967.82	1769	0	1000
2026.06.13	18:00:00	63967.84	64209.64	63967.84	64191.57	1574	0	1000
2026.06.13	18:30:00	64191.56	64281.14	64044.43	64151.53	1870	0	1000
2026.06.13	19:00:00	64151.53	64204.79	64141.14	64188.37	1602	0	1000
2026.06.13	19:30:00	64188.79	64331.16	64146.92	64299.44	1696	0	1000
2026.06.13	20:00:00	64299.41	64299.41	64226.10	64238.62	1612	0	1000
2026.06.13	20:30:00	64238.62	64287.70	64225.53	64275.52	1516	0	1000
2026.06.13	21:00:00	64275.52	64312.99	64213.60	64241.26	1533	0	1000
2026.06.13	21:30:00	64241.30	64763.92	64241.02	64461.61	2825	0	1000
2026.06.13	22:00:00	64461.60	64537.86	64373.68	64509.85	1932	0	1000
2026.06.13	22:30:00	64509.83	64559.02	64442.17	64442.18	1879	0	1000
2026.06.13	23:00:00	64444.05	64598.74	64429.92	64441.97	1742	0	1000
2026.06.13	23:30:00	64441.37	64490.59	64378.66	64447.92	1728	0	1000
2026.06.14	00:00:00	64447.92	64529.46	64365.69	64456.67	1827	0	1000
2026.06.14	00:30:00	64456.68	64579.00	64453.64	64553.45	1766	0	1000
2026.06.14	01:00:00	64553.51	64713.80	64497.01	64652.19	2018	0	1000
2026.06.14	01:30:00	64652.22	64652.22	64551.83	64564.53	1767	0	1000
2026.06.14	02:00:00	64564.61	64635.06	64510.01	64537.32	1698	0	1000
2026.06.14	02:30:00	64537.32	64555.86	64463.66	64477.70	1648	0	1000
2026.06.14	03:00:00	64477.78	64540.73	64459.52	64519.61	1560	0	1000
2026.06.14	03:30:00	64519.61	64541.49	64453.31	64540.46	1615	0	1000
2026.06.14	04:00:00	64540.45	64559.07	64457.47	64463.99	1404	0	1000
2026.06.14	04:30:00	64463.99	64466.72	64309.11	64326.65	1715	0	1000
2026.06.14	05:00:00	64326.66	64391.69	64290.54	64308.34	1595	0	1000
2026.06.14	05:30:00	64308.35	64409.03	64288.16	64349.74	1542	0	1000
2026.06.14	06:00:00	64350.44	64482.63	64323.76	64384.36	1675	0	1000
2026.06.14	06:30:00	64387.07	64388.00	64238.48	64287.87	1805	0	1000
2026.06.14	07:00:00	64287.89	64369.21	64218.86	64351.09	1614	0	1000
2026.06.14	07:30:00	64351.05	64421.53	64319.88	64421.53	315	0	1000
2026.06.14	08:00:00	64421.59	64516.30	64380.07	64483.51	1591	0	1000
2026.06.14	08:30:00	64483.44	64509.21	64434.23	64456.28	1563	0	1000
2026.06.14	09:00:00	64456.29	64471.66	64311.95	64350.63	1615	0	1000
2026.06.14	09:30:00	64350.70	64623.29	64337.45	64614.51	1834	0	1000
2026.06.14	10:00:00	64614.50	64647.91	64482.03	64591.39	1669	0	1000
2026.06.14	10:30:00	64591.39	64672.13	64504.76	64516.08	1647	0	1000
2026.06.14	11:00:00	64516.08	64593.82	64449.18	64571.92	1723	0	1000
2026.06.14	11:30:00	64571.91	64641.11	64530.28	64541.83	1572	0	1000
2026.06.14	12:00:00	64542.11	64559.33	64455.03	64458.38	1639	0	1000
2026.06.14	12:30:00	64458.39	64475.11	64287.10	64322.98	1789	0	1000
2026.06.14	13:00:00	64323.05	64402.45	64245.90	64275.84	1808	0	1000
2026.06.14	13:30:00	64275.84	64391.30	64237.61	64323.24	1820	0	1000
2026.06.14	14:00:00	64323.23	64349.58	64148.98	64153.64	1901	0	1000
2026.06.14	14:30:00	64152.85	64179.70	63859.13	63982.58	2723	0	1000
2026.06.14	15:00:00	63982.53	64148.24	63974.74	64059.34	2114	0	1000
2026.06.14	15:30:00	64059.36	64111.16	63990.08	64018.16	1816	0	1000
2026.06.14	16:00:00	64012.35	64205.91	63989.75	64130.41	1883	0	1000
2026.06.14	16:30:00	64129.86	64191.26	63920.94	63932.65	1894	0	1000
2026.06.14	17:00:00	63932.64	64017.97	63886.80	63894.91	1748	0	1000
2026.06.14	17:30:00	63894.92	63967.77	63673.32	63728.48	2052	0	1000
2026.06.14	18:00:00	63728.39	63793.59	63669.05	63712.01	1910	0	1000
2026.06.14	18:30:00	63712.03	63812.98	63712.03	63803.88	1627	0	1000
2026.06.14	19:00:00	63803.90	63855.29	63723.07	63789.79	1643	0	1000
2026.06.14	19:30:00	63789.79	63833.05	63735.39	63799.70	1514	0	1000
2026.06.14	20:00:00	63799.68	63958.91	63779.45	63919.57	1629	0	1000
2026.06.14	20:30:00	63919.64	64095.18	63905.78	64005.34	1810	0	1000
2026.06.14	21:00:00	64005.35	64995.48	63995.88	64770.69	4079	0	1000
2026.06.14	21:30:00	64780.76	65675.38	64666.78	65304.15	5910	0	1000
2026.06.14	22:00:00	65314.74	65538.76	64938.30	65200.09	5254	0	1000
2026.06.14	22:30:00	65200.08	65575.25	65160.81	65417.99	3421	0	1000
2026.06.14	23:00:00	65418.01	65745.68	65243.68	65673.14	3333	0	1000
2026.06.14	23:30:00	65673.12	65803.67	65515.53	65735.78	2846	0	1000
2026.06.15	00:00:00	65728.71	65904.77	65618.49	65747.09	3210	0	1000
2026.06.15	00:30:00	65747.06	65765.09	65475.00	65623.59	2513	0	1000
2026.06.15	01:00:00	65623.53	65627.81	65343.15	65389.98	2522	0	1000
2026.06.15	01:30:00	65389.98	65731.53	65372.73	65513.62	2387	0	1000
2026.06.15	02:00:00	65513.67	65775.87	65428.99	65639.58	2343	0	1000
2026.06.15	02:30:00	65639.56	65668.50	65408.43	65452.08	1944	0	1000
2026.06.15	03:00:00	65452.08	65734.62	65416.44	65718.66	2020	0	1000
2026.06.15	03:30:00	65718.83	66011.73	65674.13	65920.49	2344	0	1000
2026.06.15	04:00:00	65920.49	65920.49	65690.55	65715.35	2031	0	1000
2026.06.15	04:30:00	65715.31	65738.85	65622.17	65631.61	1883	0	1000
2026.06.15	05:00:00	65631.62	65867.35	65598.05	65824.37	1970	0	1000
2026.06.15	05:30:00	65824.38	65859.23	65694.02	65846.93	1756	0	1000
2026.06.15	06:00:00	65846.92	65957.63	65805.60	65926.68	1890	0	1000
2026.06.15	06:30:00	65926.74	65944.17	65760.32	65796.52	1945	0	1000
2026.06.15	07:00:00	65796.59	66002.72	65676.25	65947.35	2149	0	1000
2026.06.15	07:30:00	65947.42	65948.08	65612.73	65669.02	1988	0	1000
2026.06.15	08:00:00	65668.94	65756.26	65605.96	65672.20	1891	0	1000
2026.06.15	08:30:00	65672.20	65796.86	65619.86	65647.53	1824	0	1000
2026.06.15	09:00:00	65647.53	65773.07	65640.00	65640.00	1775	0	1000
2026.06.15	09:30:00	65640.00	65651.29	65497.57	65585.67	1893	0	1000
2026.06.15	10:00:00	65585.67	65755.77	65571.13	65712.52	1737	0	1000
2026.06.15	10:30:00	65712.55	65967.36	65694.62	65917.31	2259	0	1000
2026.06.15	11:00:00	65913.66	66376.74	65834.82	66255.82	3717	0	1000
2026.06.15	11:30:00	66258.82	66302.84	66110.89	66219.43	2575	0	1000
2026.06.15	12:00:00	66220.07	66331.27	66089.91	66272.13	2614	0	1000
2026.06.15	12:30:00	66271.69	66599.85	66180.36	66560.66	2817	0	1000
2026.06.15	13:00:00	66561.78	66945.18	66466.62	66836.55	3873	0	1000
2026.06.15	13:30:00	66835.29	66882.31	66401.15	66441.28	4356	0	1000
2026.06.15	14:00:00	66441.30	66558.19	66287.49	66555.90	3424	0	1000
2026.06.15	14:30:00	66555.90	66668.68	66412.56	66578.51	2482	0	1000
2026.06.15	15:00:00	66578.32	66723.27	66567.54	66649.39	2289	0	1000
2026.06.15	15:30:00	66649.47	67289.75	66599.41	67289.28	3763	0	1000
2026.06.15	16:00:00	67284.61	67289.75	67085.96	67184.67	2988	0	1000
2026.06.15	16:30:00	67184.65	67276.26	67088.37	67154.88	2401	0	1000
2026.06.15	17:00:00	67154.88	67154.88	66757.84	66814.12	2816	0	1000
2026.06.15	17:30:00	66814.13	66949.97	66667.14	66854.27	2379	0	1000
2026.06.15	18:00:00	66854.27	66935.00	66710.98	66819.30	2437	0	1000
2026.06.15	18:30:00	66819.32	66924.58	66739.05	66758.86	2211	0	1000
2026.06.15	19:00:00	66758.86	66891.21	66343.74	66530.76	3007	0	1000
2026.06.15	19:30:00	66532.56	66752.68	66494.11	66610.42	2670	0	1000
2026.06.15	20:00:00	66611.99	66636.21	66495.18	66577.45	2213	0	1000
2026.06.15	20:30:00	66577.46	66690.07	66475.87	66523.09	1946	0	1000
2026.06.15	21:00:00	66523.09	66563.35	66384.78	66411.15	1898	0	1000
2026.06.15	21:30:00	66400.05	66476.49	66322.10	66370.68	2051	0	1000
2026.06.15	22:00:00	66370.67	66478.58	66098.63	66162.46	2498	0	1000
2026.06.15	22:30:00	66162.42	66377.32	66097.26	66199.50	2936	0	1000
2026.06.15	23:00:00	66199.50	66300.36	66145.92	66231.32	2322	0	1000
2026.06.15	23:30:00	66231.30	66370.08	66113.76	66318.15	2146	0	1000
2026.06.16	00:00:00	66318.16	66421.97	66232.44	66248.57	2073	0	1000
2026.06.16	00:30:00	66241.86	66461.19	66234.12	66254.28	2320	0	1000
2026.06.16	01:00:00	66254.28	66382.29	66239.14	66367.08	2185	0	1000
2026.06.16	01:30:00	66367.05	66419.54	66317.24	66347.11	1920	0	1000
2026.06.16	02:00:00	66347.11	66369.07	65750.79	65764.89	2723	0	1000
2026.06.16	02:30:00	65764.89	65922.29	65680.37	65743.18	2618	0	1000
2026.06.16	03:00:00	65743.16	66005.52	65632.72	65977.31	2445	0	1000
2026.06.16	03:30:00	65977.38	66169.49	65966.59	66153.92	1974	0	1000
2026.06.16	04:00:00	66153.95	66277.90	65968.86	65968.89	2043	0	1000
2026.06.16	04:30:00	65968.98	65968.98	65797.60	65834.09	2207	0	1000
2026.06.16	05:00:00	65837.44	66113.77	65837.26	66060.26	2177	0	1000
2026.06.16	05:30:00	66060.25	66143.14	65995.49	66050.71	2053	0	1000
2026.06.16	06:00:00	66048.56	66350.32	66045.62	66327.13	2062	0	1000
2026.06.16	06:30:00	66327.05	66569.80	66279.49	66430.03	2220	0	1000
2026.06.16	07:00:00	66438.40	66523.49	66300.38	66328.42	2317	0	1000
2026.06.16	07:30:00	66328.30	66424.68	66292.52	66366.40	1977	0	1000
2026.06.16	08:00:00	66366.48	66569.18	66332.42	66549.37	2214	0	1000
2026.06.16	08:30:00	66549.35	66987.71	66490.80	66896.47	3035	0	1000
2026.06.16	09:00:00	66896.48	66913.76	66551.04	66606.81	2521	0	1000
2026.06.16	09:30:00	66606.81	66736.97	66469.10	66508.94	2223	0	1000
2026.06.16	10:00:00	66509.01	66782.01	66489.65	66661.79	2183	0	1000
2026.06.16	10:30:00	66661.90	66670.87	66481.64	66505.43	2065	0	1000
2026.06.16	11:00:00	66505.45	66648.50	66388.59	66470.31	2186	0	1000
2026.06.16	11:30:00	66470.30	66489.78	66352.25	66484.42	2018	0	1000
2026.06.16	12:00:00	66485.65	66683.62	66396.93	66588.18	2745	0	1000
2026.06.16	12:30:00	66588.18	66820.81	66354.31	66418.72	3312	0	1000
2026.06.16	13:00:00	66418.76	66468.23	65999.72	66015.51	3373	0	1000
2026.06.16	13:30:00	66014.76	66210.57	65922.66	66039.78	4177	0	1000
2026.06.16	14:00:00	66039.36	66268.99	65499.79	65564.53	4752	0	1000
2026.06.16	14:30:00	65537.28	65778.62	65354.92	65660.26	4170	0	1000
2026.06.16	15:00:00	65660.17	65912.04	65605.12	65816.11	3358	0	1000
2026.06.16	15:30:00	65816.12	66004.31	65692.94	65864.00	3283	0	1000
2026.06.16	16:00:00	65864.00	65957.89	65714.39	65790.23	2672	0	1000
2026.06.16	16:30:00	65790.21	65869.81	65695.81	65751.99	2486	0	1000
2026.06.16	17:00:00	65754.04	65869.86	65697.40	65745.79	2248	0	1000
2026.06.16	17:30:00	65745.77	66018.69	65702.89	65970.49	2546	0	1000
2026.06.16	18:00:00	65970.51	66252.01	65864.43	65914.83	2648	0	1000
2026.06.16	18:30:00	65914.77	65979.44	65793.00	65849.34	2249	0	1000
2026.06.16	19:00:00	65849.35	65849.35	65552.18	65697.62	2566	0	1000
2026.06.16	19:30:00	65697.63	65783.87	65555.22	65681.55	2466	0	1000
2026.06.16	20:00:00	65681.55	65848.98	65584.87	65726.22	2081	0	1000
2026.06.16	20:30:00	65726.20	65865.23	65715.88	65856.17	1704	0	1000
2026.06.16	21:00:00	65856.17	65941.18	65710.81	65730.83	1819	0	1000
2026.06.16	21:30:00	65730.82	65786.91	65638.90	65771.53	1718	0	1000
2026.06.16	22:00:00	65771.55	65888.50	65708.50	65776.03	1938	0	1000
2026.06.16	22:30:00	65770.41	65793.81	65673.96	65772.83	1791	0	1000
2026.06.16	23:00:00	65772.91	65837.08	65641.51	65734.44	1850	0	1000
2026.06.16	23:30:00	65734.47	65784.91	65615.58	65676.60	1885	0	1000
2026.06.17	00:00:00	65676.70	65811.04	65676.70	65728.19	1954	0	1000
2026.06.17	00:30:00	65728.18	65853.09	65686.66	65706.86	1930	0	1000
2026.06.17	01:00:00	65706.84	65832.85	65467.27	65588.02	2546	0	1000
2026.06.17	01:30:00	65589.04	65959.03	65534.86	65930.19	2343	0	1000
2026.06.17	02:00:00	65930.66	66130.87	65833.07	66108.04	2246	0	1000
2026.06.17	02:30:00	66108.04	66114.93	65780.27	65908.09	2157	0	1000
2026.06.17	03:00:00	65908.03	65908.03	65703.55	65774.20	1929	0	1000
2026.06.17	03:30:00	65774.27	65884.78	65760.81	65853.89	1816	0	1000
2026.06.17	04:00:00	65854.29	65910.14	65781.79	65895.01	1735	0	1000
2026.06.17	04:30:00	65895.08	66051.57	65859.93	65884.86	1784	0	1000
2026.06.17	05:00:00	65884.86	65985.86	65735.15	65848.06	1904	0	1000
2026.06.17	05:30:00	65848.06	65933.62	65765.13	65828.41	1799	0	1000
2026.06.17	06:00:00	65828.41	65906.86	65644.35	65650.13	1871	0	1000
2026.06.17	06:30:00	65649.05	65741.35	65571.80	65623.42	2037	0	1000
2026.06.17	07:00:00	65613.91	65714.46	65471.81	65555.27	2177	0	1000
2026.06.17	07:30:00	65555.27	65608.15	65237.86	65539.55	2584	0	1000
2026.06.17	08:00:00	65539.55	65584.64	65238.74	65321.45	2491	0	1000
2026.06.17	08:30:00	65321.48	65321.54	64830.64	64924.79	3202	0	1000
2026.06.17	09:00:00	64924.41	65080.84	64903.28	65049.36	2282	0	1000
2026.06.17	09:30:00	65049.28	65067.24	64831.43	64912.90	2120	0	1000
2026.06.17	10:00:00	64912.92	64997.06	64802.92	64939.94	2334	0	1000
2026.06.17	10:30:00	64939.92	64977.43	64758.51	64800.37	2092	0	1000
2026.06.17	11:00:00	64800.37	64855.18	64553.61	64694.54	3075	0	1000
2026.06.17	11:30:00	64694.54	64866.98	64662.13	64802.27	2228	0	1000
2026.06.17	12:00:00	64802.73	64873.51	64634.54	64685.78	2674	0	1000
2026.06.17	12:30:00	64685.77	65109.87	64578.02	65033.10	2593	0	1000
2026.06.17	13:00:00	65031.97	65090.33	64858.12	64918.83	2445	0	1000
2026.06.17	13:30:00	64914.34	65367.54	64833.20	65267.29	3813	0	1000
2026.06.17	14:00:00	65263.69	65463.16	65122.13	65241.08	3386	0	1000
2026.06.17	14:30:00	65241.11	65290.95	64751.88	65099.18	4272	0	1000
2026.06.17	15:00:00	65099.21	65418.34	64971.19	65331.82	3355	0	1000
2026.06.17	15:30:00	65333.09	65858.70	65250.48	65742.09	3402	0	1000
2026.06.17	16:00:00	65742.10	66449.81	65709.63	66245.85	3822	0	1000
2026.06.17	16:30:00	66254.91	66302.62	65833.27	65861.42	3204	0	1000
2026.06.17	17:00:00	65862.28	66014.07	65783.98	65959.50	2715	0	1000
2026.06.17	17:30:00	65959.58	66194.93	65809.87	66090.44	2834	0	1000
2026.06.17	18:00:00	66093.89	66111.58	64790.86	65396.58	8849	0	1000
2026.06.17	18:30:00	65396.37	66061.63	65266.70	65506.01	8030	0	1000
2026.06.17	19:00:00	65506.08	65660.43	64327.90	64470.67	7623	0	1000
2026.06.17	19:30:00	64463.79	64678.55	64037.86	64294.93	7372	0	1000
2026.06.17	20:00:00	64298.03	64458.53	64191.12	64362.83	3535	0	1000
2026.06.17	20:30:00	64363.06	64488.13	64162.74	64431.68	2508	0	1000
2026.06.17	21:00:00	64431.60	64452.62	64253.46	64260.14	2199	0	1000
2026.06.17	21:30:00	64260.13	64413.26	64129.08	64255.85	2131	0	1000
2026.06.17	22:00:00	64255.88	64376.49	63909.06	64359.46	3031	0	1000
2026.06.17	22:30:00	64359.46	64435.79	64233.60	64291.38	2092	0	1000
2026.06.17	23:00:00	64291.40	64524.55	64241.09	64495.35	2229	0	1000
2026.06.17	23:30:00	64495.36	64523.90	64392.88	64501.94	2083	0	1000
2026.06.18	00:00:00	64504.54	64707.88	64482.47	64591.44	2360	0	1000
2026.06.18	00:30:00	64591.42	64700.37	64446.20	64454.63	2263	0	1000
2026.06.18	01:00:00	64454.66	64807.43	64451.01	64662.83	2491	0	1000
2026.06.18	01:30:00	64662.99	64754.02	64474.41	64551.41	2096	0	1000
2026.06.18	02:00:00	64553.99	64752.90	64479.21	64706.74	2257	0	1000
2026.06.18	02:30:00	64706.72	64786.41	64672.35	64683.81	1946	0	1000
2026.06.18	03:00:00	64682.47	64687.59	64306.41	64306.85	2087	0	1000
2026.06.18	03:30:00	64306.88	64407.35	64253.04	64283.14	2148	0	1000
2026.06.18	04:00:00	64283.13	64336.46	63820.20	63932.48	3518	0	1000
2026.06.18	04:30:00	63932.79	63984.94	63821.82	63873.72	2469	0	1000
2026.06.18	05:00:00	63872.82	64000.88	63681.50	63914.55	3048	0	1000
2026.06.18	05:30:00	63916.53	64026.48	63842.48	63987.53	2309	0	1000
2026.06.18	06:00:00	63987.56	64077.13	63839.00	63986.12	2276	0	1000
2026.06.18	06:30:00	63986.19	64127.05	63961.68	64072.85	1976	0	1000
2026.06.18	07:00:00	64080.17	64314.08	64010.14	64294.37	2023	0	1000
2026.06.18	07:30:00	64294.39	64515.29	64251.36	64500.88	2144	0	1000
2026.06.18	08:00:00	64508.43	64653.55	64374.40	64580.58	2466	0	1000
2026.06.18	08:30:00	64580.86	64608.89	64376.12	64400.47	2145	0	1000
2026.06.18	09:00:00	64400.39	64480.60	64229.60	64249.35	2220	0	1000
2026.06.18	09:30:00	64249.35	64321.69	64184.27	64198.55	1905	0	1000
2026.06.18	10:00:00	64198.54	64198.54	63903.30	63960.50	2193	0	1000
2026.06.18	10:30:00	63960.49	64223.32	63934.37	64078.34	2208	0	1000
2026.06.18	11:00:00	64078.35	64202.40	63901.68	64069.92	2319	0	1000
2026.06.18	11:30:00	64070.09	64083.89	63877.85	63963.18	2185	0	1000
2026.06.18	12:00:00	63971.80	64199.53	63915.24	64199.53	2483	0	1000
2026.06.18	12:30:00	64210.70	64406.81	64122.88	64372.32	2381	0	1000
2026.06.18	13:00:00	64372.37	64446.97	64283.33	64356.17	2396	0	1000
2026.06.18	13:30:00	64356.20	64388.59	63782.17	63985.76	4478	0	1000
2026.06.18	14:00:00	63985.78	64212.55	63704.83	63817.89	4973	0	1000
2026.06.18	14:30:00	63817.83	64083.69	63589.19	63807.67	4151	0	1000
2026.06.18	15:00:00	63811.42	63823.56	63183.26	63240.74	4994	0	1000
2026.06.18	15:30:00	63243.73	63382.24	62282.65	62368.29	6733	0	1000
2026.06.18	16:00:00	62364.15	62762.35	62331.60	62600.81	4012	0	1000
2026.06.18	16:30:00	62600.72	62818.61	62504.21	62689.47	3034	0	1000
2026.06.18	17:00:00	62691.16	62702.79	62259.78	62570.47	3180	0	1000
2026.06.18	17:30:00	62570.76	62748.47	62507.13	62598.19	2782	0	1000
2026.06.18	18:00:00	62598.20	62957.96	62571.78	62845.71	2853	0	1000
2026.06.18	18:30:00	62845.69	62889.18	62613.71	62697.43	2772	0	1000
2026.06.18	19:00:00	62697.44	62805.53	62622.46	62766.80	2381	0	1000
2026.06.18	19:30:00	62766.78	63005.78	62759.73	62946.09	2421	0	1000
2026.06.18	20:00:00	62957.84	63277.74	62949.82	63111.53	2672	0	1000
2026.06.18	20:30:00	63111.55	63175.82	63035.22	63087.72	1885	0	1000
2026.06.18	21:00:00	63087.73	63123.86	62855.00	62952.68	2026	0	1000
2026.06.18	21:30:00	62952.62	62999.40	62860.02	62958.46	1913	0	1000
2026.06.18	22:00:00	62957.08	62988.78	62763.34	62832.28	1991	0	1000
2026.06.18	22:30:00	62832.27	62894.77	62730.78	62880.05	1849	0	1000
2026.06.18	23:00:00	62873.62	62929.07	62741.24	62878.25	1975	0	1000
2026.06.18	23:30:00	62878.36	62988.14	62851.40	62948.93	1866	0	1000
2026.06.19	00:00:00	62948.93	62999.58	62834.55	62964.66	2215	0	1000
2026.06.19	00:30:00	62964.98	63092.18	62948.32	63019.48	1938	0	1000
2026.06.19	01:00:00	63021.35	63102.33	62889.27	62927.49	2167	0	1000
2026.06.19	01:30:00	62927.46	63036.59	62840.19	63023.84	1869	0	1000
2026.06.19	02:00:00	63023.85	63114.91	62941.40	62951.36	1959	0	1000
2026.06.19	02:30:00	62951.36	63026.35	62882.22	62995.98	1824	0	1000
2026.06.19	03:00:00	62995.98	63030.71	62373.41	62836.44	3255	0	1000
2026.06.19	03:30:00	62833.25	62833.50	62609.90	62774.58	2367	0	1000
2026.06.19	04:00:00	62774.59	62917.34	62611.26	62720.70	2330	0	1000
2026.06.19	04:30:00	62727.95	62733.87	62403.86	62452.63	2627	0	1000
2026.06.19	05:00:00	62453.13	62667.23	62443.65	62606.21	2279	0	1000
2026.06.19	05:30:00	62606.24	62741.71	62548.93	62729.98	2061	0	1000
2026.06.19	06:00:00	62729.99	62858.24	62714.60	62830.51	1945	0	1000
2026.06.19	06:30:00	62830.56	62917.45	62725.68	62889.54	1896	0	1000
2026.06.19	07:00:00	62889.60	62925.71	62705.30	62739.56	1883	0	1000
2026.06.19	07:30:00	62739.65	62829.43	62490.53	62625.25	2480	0	1000
2026.06.19	08:00:00	62625.21	62722.78	62536.16	62672.05	2034	0	1000
2026.06.19	08:30:00	62675.53	62787.76	62562.83	62603.42	2022	0	1000
2026.06.19	09:00:00	62607.87	62654.84	62302.84	62370.38	2413	0	1000
2026.06.19	09:30:00	62370.40	62493.80	62325.33	62375.73	2387	0	1000
2026.06.19	10:00:00	62375.73	62553.94	62369.91	62500.97	2196	0	1000
2026.06.19	10:30:00	62500.98	62593.24	62397.04	62526.80	2207	0	1000
2026.06.19	11:00:00	62526.83	62686.52	62440.22	62640.25	2172	0	1000
2026.06.19	11:30:00	62640.26	62685.56	62581.30	62623.85	1911	0	1000
2026.06.19	12:00:00	62630.71	62688.44	62481.56	62554.34	1921	0	1000
2026.06.19	12:30:00	62554.33	62873.37	62339.79	62828.99	3517	0	1000
2026.06.19	13:00:00	62831.59	62985.62	62654.68	62787.91	2805	0	1000
2026.06.19	13:30:00	62781.68	63420.43	62737.63	63206.48	3754	0	1000
2026.06.19	14:00:00	63204.96	63297.36	62999.17	63266.04	2828	0	1000
2026.06.19	14:30:00	63275.27	63417.57	63168.69	63199.68	2564	0	1000
2026.06.19	15:00:00	63199.68	63258.74	63017.05	63061.18	2498	0	1000
2026.06.19	15:30:00	63061.64	63292.35	63061.58	63215.81	2362	0	1000
2026.06.19	16:00:00	63215.83	63395.96	63088.82	63310.95	2606	0	1000
2026.06.19	16:30:00	63309.44	63383.32	62918.68	62969.12	2478	0	1000
2026.06.19	17:00:00	62969.11	63120.02	62862.25	62925.57	2466	0	1000
2026.06.19	17:30:00	62926.73	63229.63	62906.60	63188.52	2481	0	1000
2026.06.19	18:00:00	63188.55	63202.13	63104.24	63109.99	1934	0	1000
2026.06.19	18:30:00	63110.00	63187.18	62982.43	63107.67	2003	0	1000
2026.06.19	19:00:00	63101.63	63116.14	62934.11	62990.23	1903	0	1000
2026.06.19	19:30:00	62991.50	63142.28	62951.91	63028.90	1876	0	1000
2026.06.19	20:00:00	63029.86	63080.85	62948.52	63080.55	1824	0	1000
2026.06.19	20:30:00	63080.51	63274.95	63024.64	63242.61	1953	0	1000
2026.06.19	21:00:00	63242.69	63276.88	63144.45	63155.57	1737	0	1000
2026.06.19	21:30:00	63155.63	63167.58	63049.48	63077.29	2003	0	1000
2026.06.19	22:00:00	63077.22	63298.23	63041.41	63261.00	1731	0	1000
2026.06.19	22:30:00	63261.00	63370.07	63228.93	63316.74	1661	0	1000
2026.06.19	23:00:00	63321.70	63339.71	63268.89	63315.39	1550	0	1000
2026.06.19	23:30:00	63315.42	63673.35	63292.10	63536.65	2219	0	1000
2026.06.20	00:00:00	63536.53	63650.57	63460.24	63619.08	2228	0	1000
2026.06.20	00:30:00	63619.06	63779.17	63506.94	63550.63	2154	0	1000
